ax,ay,az
2.00,1.82,-2.00
-0.98,1.59,2.00
-1.91,0.52,2.00
-2.00,-0.21,1.73
-1.95,-0.02,1.12
-1.36,0.19,-0.22
0.25,0.08,-2.00
1.56,0.87,-2.00
1.90,1.58,-2.00
2.00,1.84,-2.00
1.88,2.00,0.38
-0.15,2.00,2.00
-0.92,1.56,2.00
-1.89,0.57,2.00
-2.00,-0.21,1.79
-2.00,-0.02,1.17
-1.44,0.14,-0.15
0.24,0.06,-2.00
1.58,0.91,-2.00
1.96,1.61,-2.00
2.00,1.81,-2.00
1.73,2.00,0.68
-0.26,2.00,2.00
-1.07,1.55,2.00
-2.00,0.36,2.00
-2.00,-0.22,1.64
-1.95,-0.02,0.96
-1.08,0.18,-0.77
0.81,0.31,-2.00
1.59,1.28,-2.00
2.00,1.76,-2.00
2.00,1.83,-1.70
0.86,2.00,1.69
-0.49,2.00,2.00
-1.49,1.21,2.00
-2.00,0.03,2.00
-2.00,-0.14,1.45
-1.79,0.03,0.47
-0.46,0.04,-1.77
1.43,0.58,-2.00
1.79,1.52,-2.00
2.00,1.87,-2.00
2.00,2.00,-0.36
-0.00,2.00,2.00
-0.79,1.68,2.00
-1.80,0.73,2.00
-2.00,-0.18,1.77
-1.99,-0.05,1.12
-1.44,0.15,-0.28
0.47,0.14,-2.00
1.53,1.13,-2.00
2.00,1.67,-2.00
2.00,1.83,-1.89
0.88,2.00,1.63
-0.48,1.99,2.00
-1.56,1.17,2.00
-2.00,0.01,2.00
-2.00,-0.11,1.35
-1.65,0.14,0.17
0.01,0.02,-2.00
1.53,0.93,-2.00
2.00,1.63,-2.00
2.00,1.79,-2.00
1.11,2.00,1.47
-0.43,2.00,2.00
-1.46,1.23,2.00
-2.00,0.05,2.00
-2.00,-0.14,1.45
-1.80,0.07,0.39
-0.25,-0.00,-2.00
1.52,0.75,-2.00
1.84,1.56,-2.00
2.00,1.79,-2.00
1.69,2.00,0.67
-0.32,2.00,2.00
-1.16,1.46,2.00
-2.00,0.25,2.00
-2.00,-0.17,1.58
-1.82,0.05,0.61
-0.44,0.02,-1.86
1.46,0.72,-2.00
1.88,1.54,-2.00
2.00,1.77,-2.00
1.07,2.00,1.50
-0.49,2.00,2.00
-1.61,1.05,2.00
-2.00,-0.07,1.94
-2.00,-0.01,1.18
-1.27,0.18,-0.59
0.86,0.35,-2.00
1.58,1.40,-2.00
2.00,1.79,-2.00
2.00,1.97,-0.46
-0.05,2.00,2.00
-0.92,1.64,2.00
-1.90,0.52,2.00
-2.00,-0.22,1.69
-1.98,0.02,0.98
-0.99,0.15,-0.95
1.04,0.42,-2.00
1.59,1.42,-2.00
2.00,1.79,-2.00
-0.79,1.73,2.00
-1.87,0.66,2.00
-2.00,-0.22,1.70
-1.99,-0.01,1.00
-0.92,0.17,-1.00
1.14,0.45,-2.00
1.64,1.45,-2.00
2.00,1.80,-2.00
2.00,2.00,0.02
-0.18,2.00,2.00
-1.13,1.50,2.00
-2.00,0.29,2.00
-2.00,-0.18,1.58
-1.84,0.05,0.64
-0.43,0.05,-1.82
1.43,0.68,-2.00
1.81,1.54,-2.00
2.00,1.77,-2.00
1.59,2.00,0.86
-0.35,2.00,2.00
-1.25,1.36,2.00
-2.00,0.12,2.00
-2.00,-0.19,1.52
-1.82,0.08,0.50
-0.27,0.02,-2.00
1.47,0.77,-2.00
1.83,1.56,-2.00
2.00,1.81,-2.00
1.61,2.00,0.88
-0.39,2.00,2.00
-1.23,1.39,2.00
-2.00,0.15,2.00
-2.00,-0.16,1.58
-1.84,0.04,0.64
-0.45,0.07,-1.76
1.42,0.65,-2.00
1.79,1.51,-2.00
2.00,1.77,-2.00
1.80,2.00,0.48
-0.26,2.00,2.00
-1.12,1.47,2.00
-2.00,0.27,2.00
-2.00,-0.23,1.59
-1.87,0.05,0.74
-0.69,0.11,-1.43
1.35,0.55,-2.00
1.70,1.50,-2.00
2.00,1.81,-2.00
2.00,1.99,-0.52
0.04,2.00,2.00
-0.78,1.67,2.00
-1.83,0.71,2.00
-2.00,-0.19,1.76
-2.00,0.01,1.17
-1.37,0.19,-0.24
0.39,0.13,-2.00
1.54,1.05,-2.00
2.00,1.67,-2.00
2.00,1.85,-2.00
1.21,2.00,1.41
-0.41,2.00,2.00
-1.38,1.27,2.00
-2.00,0.10,2.00
-2.00,-0.14,1.53
-1.80,0.04,0.60
-0.57,0.03,-1.59
1.41,0.57,-2.00
1.74,1.49,-2.00
2.00,1.82,-2.00
2.00,1.99,-0.58
0.12,2.00,2.00
-0.75,1.73,2.00
-1.80,0.77,2.00
-2.00,-0.14,1.89
-2.00,-0.03,1.22
-1.46,0.14,-0.06
0.20,0.06,-2.00
1.56,0.92,-2.00
2.00,1.62,-2.00
2.00,1.82,-2.00
1.43,2.00,1.17
-0.39,2.00,2.00
-1.27,1.34,2.00
-2.00,0.17,2.00
-2.00,-0.16,1.54
-1.81,0.04,0.59
-0.45,0.07,-1.71
1.44,0.64,-2.00
1.82,1.50,-2.00
2.00,1.81,-2.00
1.92,2.00,0.24
-0.18,2.00,2.00
-1.05,1.55,2.00
-2.00,0.37,2.00
-2.00,-0.23,1.63
-1.90,-0.00,0.78
-0.76,0.10,-1.35
1.36,0.52,-2.00
1.71,1.48,-2.00
2.00,1.80,-2.00
2.00,2.00,0.02
-0.12,2.00,2.00
-1.01,1.51,2.00
-2.00,0.37,2.00
-2.00,-0.20,1.67
-1.90,0.03,0.75
-0.65,0.10,-1.53
1.41,0.60,-2.00
1.81,1.49,-2.00
2.00,1.80,-2.00
1.69,2.00,0.74
-0.35,2.00,2.00
-1.30,1.35,2.00
-2.00,0.12,2.00
-2.00,-0.12,1.49
-1.76,0.14,0.36
-0.08,0.00,-2.00
1.54,0.86,-2.00
2.00,1.59,-2.00
2.00,1.81,-2.00
0.99,2.00,1.57
-0.50,1.97,2.00
-1.61,1.08,2.00
-2.00,-0.07,1.96
-2.00,-0.00,1.21
-1.33,0.20,-0.48
0.87,0.34,-2.00
1.63,1.39,-2.00
2.00,1.73,-2.00
-0.98,1.60,2.00
-2.00,0.34,2.00
-2.00,-0.17,1.58
-1.79,0.12,0.52
-0.10,0.02,-2.00
1.54,0.92,-2.00
2.00,1.61,-2.00
2.00,1.79,-1.81
0.61,2.00,1.85
-0.67,1.80,2.00
-1.83,0.86,2.00
-2.00,-0.15,1.80
-1.92,-0.01,1.05
-1.05,0.18,-0.83
1.07,0.40,-2.00
1.61,1.44,-2.00
2.00,1.80,-2.00
2.00,2.00,-0.28
-0.10,2.00,2.00
-1.01,1.56,2.00
-1.98,0.44,2.00
-2.00,-0.18,1.68
-1.93,0.05,0.95
-0.98,0.16,-0.92
0.99,0.35,-2.00
1.60,1.37,-2.00
2.00,1.80,-2.00
2.00,1.89,-1.23
0.51,2.00,1.95
-0.63,1.82,2.00
-1.64,0.98,2.00
-2.00,-0.05,2.00
-2.00,-0.07,1.35
-1.63,0.16,0.21
-0.05,-0.01,-2.00
1.57,0.79,-2.00
1.90,1.58,-2.00
2.00,1.85,-2.00
1.89,2.00,0.35
-0.18,2.00,2.00
-0.99,1.57,2.00
-1.87,0.52,2.00
-2.00,-0.18,1.70
-1.95,0.01,1.08
-1.24,0.21,-0.50
0.63,0.17,-2.00
1.57,1.17,-2.00
2.00,1.73,-2.00
2.00,1.84,-1.71
0.82,2.00,1.74
-0.55,1.96,2.00
-1.56,1.08,2.00
-2.00,-0.04,2.00
-2.00,-0.06,1.34
-1.57,0.15,0.12
0.12,0.05,-2.00
1.53,0.98,-2.00
2.00,1.64,-2.00
2.00,1.84,-2.00
0.88,2.00,1.65
-0.52,1.91,2.00
-1.63,1.00,2.00
-2.00,-0.09,1.97
-2.00,-0.01,1.26
-1.40,0.19,-0.20
0.60,0.19,-2.00
1.55,1.25,-2.00
2.00,1.74,-2.00
2.00,1.96,-0.74
-0.02,2.00,2.00
-1.01,1.53,2.00
-2.00,0.35,2.00
-2.00,-0.13,1.62
-1.79,0.12,0.54
-0.11,-0.02,-2.00
1.56,0.91,-2.00
2.00,1.65,-2.00
2.00,1.88,-1.53
0.38,2.00,2.00
-0.77,1.70,2.00
-1.93,0.56,2.00
-2.00,-0.16,1.70
-1.91,0.07,0.87
-0.61,0.10,-1.58
1.45,0.63,-2.00
1.88,1.49,-2.00
2.00,1.78,-2.00
1.22,2.00,1.39
-0.43,2.00,2.00
-1.62,1.09,2.00
-2.00,-0.07,1.94
-2.00,0.02,1.20
-1.14,0.17,-0.73
1.16,0.42,-2.00
1.71,1.44,-2.00
2.00,1.73,-2.00
1.67,2.00,0.82
-0.37,2.00,2.00
-1.47,1.27,2.00
-2.00,0.03,2.00
-2.00,-0.03,1.38
-1.48,0.18,-0.05
0.55,0.14,-2.00
1.57,1.20,-2.00
2.00,1.73,-2.00
2.00,1.92,-1.01
0.12,2.00,2.00
-0.82,1.62,2.00
-1.95,0.54,2.00
-2.00,-0.19,1.69
-1.92,0.07,0.89
-0.77,0.13,-1.37
1.40,0.57,-2.00
1.87,1.51,-2.00
2.00,1.78,-2.00
1.44,2.00,1.14
-0.40,2.00,2.00
-1.58,1.14,2.00
-2.00,-0.07,2.00
-1.98,0.02,1.21
-1.02,0.17,-0.81
1.28,0.44,-2.00
1.84,1.46,-2.00
2.00,1.78,-2.00
1.10,2.00,1.49
-0.49,1.91,1.99
-1.81,0.82,2.00
-2.00,-0.14,1.78
-1.93,0.07,0.93
1.74,1.40,-2.00
2.00,1.76,-2.00
1.60,2.00,0.91
-0.40,2.00,2.00
-1.54,1.21,2.00
-2.00,-0.02,2.00
-2.00,-0.00,1.27
-1.32,0.22,-0.38
0.88,0.31,-2.00
1.63,1.36,-2.00
2.00,1.76,-2.00
2.00,2.00,-0.17
-0.17,2.00,2.00
-1.14,1.49,2.00
-2.00,0.25,2.00
-2.00,-0.14,1.56
-1.80,0.11,0.58
-0.19,-0.01,-2.00
1.58,0.78,-2.00
2.00,1.58,-2.00
2.00,1.81,-2.00
1.29,2.00,1.36
-0.42,2.00,2.00
-1.45,1.25,2.00
-2.00,0.05,2.00
-2.00,-0.13,1.50
-1.77,0.09,0.57
-0.39,0.03,-1.81
1.48,0.62,-2.00
1.80,1.54,-2.00
2.00,1.81,-2.00
2.00,2.00,-0.02
-0.09,2.00,2.00
-0.97,1.60,2.00
-1.92,0.52,2.00
-2.00,-0.22,1.70
-1.97,0.01,1.09
-1.17,0.20,-0.59
0.76,0.26,-2.00
1.61,1.25,-2.00
2.00,1.71,-2.00
2.00,1.82,-1.72
0.85,2.00,1.70
-0.51,1.99,2.00
-1.47,1.19,2.00
-2.00,0.02,2.00
-2.00,-0.13,1.51
-1.81,0.06,0.66
-0.57,0.10,-1.51
1.36,0.51,-2.00
1.66,1.48,-2.00
2.00,1.80,-2.00
2.00,1.86,-1.29
0.70,2.00,1.85
-0.53,1.97,2.00
-1.46,1.21,2.00
-2.00,0.09,2.00
-2.00,-0.19,1.59
-1.86,0.08,0.83
-0.90,0.17,-0.97
0.87,0.34,-2.00
1.61,1.25,-2.00
2.00,1.67,-2.00
2.00,1.83,-2.00
1.55,2.00,1.01
-0.31,2.00,2.00
-1.00,1.52,2.00
-1.83,0.57,2.00
-2.00,-0.20,1.83
-2.00,-0.02,1.29
-1.66,0.15,0.29
-0.31,0.05,-1.88
1.39,0.54,-2.00
1.62,1.50,-2.00
2.00,1.79,-2.00
2.00,1.86,-1.72
1.16,2.00,1.48
-0.44,2.00,2.00
-1.14,1.42,2.00
-1.94,0.34,2.00
-2.00,-0.22,1.70
-2.00,0.01,1.17
-1.47,0.17,-0.00
0.03,0.05,-2.00
1.56,0.75,-2.00
1.81,1.56,-2.00
2.00,1.86,-2.00
2.00,1.95,-0.69
0.30,2.00,2.00
-0.65,1.87,2.00
-1.55,1.06,2.00
-2.00,-0.05,2.00
-2.00,-0.10,1.52
-1.78,0.10,0.64
-0.59,0.12,-1.44
1.27,0.48,-2.00
1.61,1.41,-2.00
2.00,1.79,-2.00
2.00,1.84,-1.50
0.89,2.00,1.70
-0.47,2.00,2.00
-1.36,1.24,2.00
-2.00,0.13,2.00
-2.00,-0.24,1.61
-1.91,0.07,0.88
-0.93,0.18,-0.89
0.88,0.31,-2.00
1.61,1.26,-2.00
2.00,1.70,-2.00
2.00,1.84,-2.00
1.33,2.00,1.29
-0.40,2.00,2.00
-1.18,1.39,2.00
-2.00,0.23,2.00
-2.00,-0.23,1.66
-1.94,0.04,0.96
-1.00,0.22,-0.81
0.85,0.32,-2.00
1.60,1.25,-2.00
2.00,1.72,-2.00
2.00,1.81,-1.88
1.08,2.00,1.56
-0.43,2.00,2.00
-1.38,1.28,2.00
-2.00,0.10,2.00
-2.00,-0.20,1.62
-1.82,0.09,0.79
-0.78,0.16,-1.18
1.14,0.42,-2.00
1.59,1.37,-2.00
0.54,2.00,1.96
-0.64,1.86,2.00
-1.70,0.93,2.00
-2.00,-0.11,2.00
-2.00,-0.01,1.30
-1.43,0.21,-0.04
0.39,0.08,-2.00
1.52,1.06,-2.00
2.00,1.68,-2.00
2.00,1.84,-1.63
0.62,2.00,1.91
-0.68,1.83,2.00
-1.83,0.77,2.00
-2.00,-0.17,1.83
-1.96,0.05,1.08
-0.99,0.18,-0.87
1.12,0.40,-2.00
1.69,1.39,-2.00
2.00,1.79,-2.00
2.00,2.00,0.11
-0.23,2.00,2.00
-1.20,1.40,2.00
-2.00,0.10,2.00
-2.00,-0.07,1.58
-1.71,0.18,0.41
-0.00,-0.00,-2.00
1.50,0.89,-2.00
2.00,1.63,-2.00
2.00,1.84,-1.90
0.76,2.00,1.81
-0.60,1.87,1.99
-1.73,0.89,2.00
-2.00,-0.14,1.95
-2.00,0.02,1.20
-1.28,0.25,-0.43
0.74,0.26,-2.00
1.62,1.30,-2.00
2.00,1.71,-2.00
2.00,1.93,-0.95
0.18,2.00,2.00
-0.84,1.65,2.00
-1.91,0.59,2.00
-2.00,-0.16,1.73
-1.96,0.08,1.02
-0.88,0.15,-1.07
1.25,0.43,-2.00
1.69,1.43,-2.00
2.00,1.81,-2.00
2.00,2.00,0.06
-0.22,2.00,2.00
-1.14,1.45,2.00
-2.00,0.29,2.00
-2.00,-0.12,1.66
-1.83,0.09,0.78
-0.64,0.12,-1.48
1.38,0.52,-2.00
1.79,1.47,-2.00
2.00,1.82,-2.00
2.00,2.00,-0.09
-0.10,2.00,2.00
-1.01,1.53,2.00
-1.96,0.49,2.00
-2.00,-0.16,1.73
-1.95,0.03,0.98
-1.00,0.18,-0.82
0.97,0.36,-2.00
1.62,1.34,-2.00
2.00,1.79,-2.00
2.00,1.89,-1.15
0.47,2.00,2.00
-0.62,1.84,2.00
-1.65,0.96,2.00
-2.00,-0.04,2.00
-2.00,-0.08,1.43
-1.66,0.15,0.32
-0.13,0.00,-2.00
1.60,0.70,-2.00
1.87,1.54,-2.00
2.00,1.87,-2.00
2.00,2.00,-0.04
-0.06,2.00,2.00
-0.91,1.61,2.00
-1.84,0.67,2.00
-2.00,-0.11,1.87
-2.00,0.02,1.19
-1.37,0.21,-0.22
0.44,0.09,-2.00
1.60,1.04,-2.00
2.00,1.63,-2.00
2.00,1.84,-2.00
1.27,2.00,1.34
-0.41,2.00,2.00
-1.38,1.29,2.00
-2.00,0.08,2.00
-2.00,-0.14,1.56
-1.82,0.11,0.59
-0.27,0.00,-2.00
1.53,0.68,-2.00
1.91,1.51,-2.00
2.00,1.80,-2.00
1.35,2.00,1.30
-0.40,2.00,2.00
-1.55,1.16,2.00
-2.00,-0.02,2.00
-2.00,-0.01,1.30
-1.39,0.23,-0.21
0.68,0.20,-2.00
1.59,1.22,-2.00
2.00,1.74,-2.00
2.00,1.93,-0.93
0.15,2.00,2.00
-0.85,1.63,2.00
-1.92,0.58,2.00
-2.00,-0.15,1.75
-1.97,0.04,0.98
-0.96,0.15,-0.92
1.08,0.39,-2.00
1.62,1.39,-2.00
2.00,1.77,-2.00
2.00,1.94,-0.92
0.27,2.00,2.00
-0.73,1.76,2.00
-1.76,0.80,2.00
-2.00,-0.15,1.91
-2.00,0.04,1.25
-1.46,0.18,-0.03
0.25,0.06,-2.00
1.54,0.90,-2.00
2.00,1.60,-2.00
2.00,1.86,-2.00
-1.32,1.31,2.00
-2.00,0.11,2.00
-2.00,-0.16,1.58
-1.79,0.11,0.65
-0.46,0.08,-1.72
1.42,0.58,-2.00
1.80,1.46,-2.00
2.00,1.80,-2.00
2.00,2.00,0.10
-0.13,2.00,2.00
-1.01,1.56,2.00
-1.97,0.46,2.00
-2.00,-0.21,1.73
-1.98,0.00,1.07
-1.09,0.25,-0.63
0.76,0.25,-2.00
1.60,1.21,-2.00
2.00,1.68,-2.00
2.00,1.80,-2.00
1.19,2.00,1.43
-0.42,2.00,2.00
-1.34,1.33,2.00
-2.00,0.15,2.00
-2.00,-0.20,1.63
-1.86,0.06,0.78
-0.78,0.15,-1.20
1.24,0.48,-2.00
1.62,1.43,-2.00
2.00,1.78,-2.00
2.00,1.90,-0.97
0.32,2.00,2.00
-0.70,1.80,2.00
-1.78,0.83,2.00
-2.00,-0.16,1.92
-2.00,-0.01,1.28
-1.43,0.22,-0.07
0.35,0.07,-2.00
1.55,1.03,-2.00
2.00,1.65,-2.00
2.00,1.84,-2.00
0.95,2.00,1.64
-0.52,1.98,2.00
-1.58,1.11,2.00
-2.00,-0.01,2.00
-2.00,-0.02,1.36
-1.54,0.17,0.08
0.24,0.05,-2.00
1.52,1.00,-2.00
2.00,1.61,-2.00
2.00,1.83,-1.94
0.88,2.00,1.74
-0.54,1.95,2.00
-1.61,1.09,2.00
-2.00,-0.02,2.00
-2.00,-0.00,1.38
-1.53,0.19,0.12
0.23,0.05,-2.00
1.51,0.99,-2.00
2.00,1.63,-2.00
2.00,1.85,-1.84
0.80,2.00,1.78
-0.58,1.93,2.00
-1.67,0.98,2.00
-2.00,-0.09,1.99
-2.00,-0.02,1.26
-1.40,0.20,-0.17
0.51,0.14,-2.00
1.58,1.14,-2.00
2.00,1.65,-2.00
2.00,1.84,-1.80
0.89,2.00,1.72
-0.55,1.98,2.00
-1.52,1.15,2.00
-2.00,0.01,2.00
-2.00,-0.11,1.49
-1.76,0.15,0.49
-0.28,0.03,-1.96
1.50,0.62,-2.00
1.84,1.48,-2.00
2.00,1.85,-2.00
2.00,2.00,-0.07
-0.09,2.00,2.00
-0.92,1.59,2.00
-1.85,0.62,2.00
-2.00,-0.16,1.81
-2.00,0.07,1.21
-1.42,0.21,-0.07
0.19,0.06,-2.00
1.59,0.81,-2.00
1.89,1.57,-2.00
2.00,1.88,-2.00
2.00,2.00,-0.09
-0.02,2.00,2.00
-0.83,1.70,2.00
-1.77,0.80,2.00
-2.00,-0.13,1.97
-2.00,-0.04,1.34
-1.62,0.15,0.33
-0.17,0.02,-2.00
1.50,0.65,-2.00
1.80,1.51,-2.00
2.00,1.85,-2.00
2.00,1.96,-0.61
0.28,2.00,2.00
-0.65,1.86,2.00
-1.62,0.99,2.00
-2.00,-0.04,2.00
-2.00,-0.09,1.44
-1.73,0.10,0.45
-0.33,0.00,-1.91
1.47,0.60,-2.00
1.78,1.53,-2.00
2.00,1.86,-2.00
2.00,1.95,-0.66
0.22,2.00,2.00
-0.70,1.79,2.00
-1.67,0.98,2.00
-2.00,-0.06,2.00
-2.00,-0.10,1.45
-1.74,0.10,0.51
-0.50,0.12,-1.61
1.35,0.50,-2.00
1.63,1.48,-2.00
2.00,1.80,-2.00
2.00,1.83,-1.55
0.94,2.00,1.63
-0.48,2.00,2.00
-1.30,1.32,2.00
-2.00,0.18,2.00
-0.86,0.20,-0.99
0.91,0.32,-2.00
1.57,1.25,-2.00
2.00,1.66,-2.00
2.00,1.82,-2.00
1.37,2.00,1.25
-0.36,2.00,2.00
-1.22,1.38,2.00
-2.00,0.21,2.00
-2.00,-0.22,1.64
-1.92,0.08,0.96
-0.97,0.27,-0.77
0.81,0.28,-2.00
1.55,1.17,-2.00
2.00,1.65,-2.00
2.00,1.83,-2.00
1.34,2.00,1.29
-0.39,2.00,2.00
-1.22,1.39,2.00
-2.00,0.22,2.00
-2.00,-0.23,1.67
-1.93,0.09,0.98
-1.02,0.25,-0.74
0.82,0.28,-2.00
1.56,1.20,-2.00
2.00,1.69,-2.00
2.00,1.84,-2.00
1.39,2.00,1.26
-0.41,2.00,2.00
-1.17,1.46,2.00
-2.00,0.33,2.00
-2.00,-0.21,1.71
-1.99,0.02,1.16
-1.40,0.21,-0.14
0.17,0.06,-2.00
1.58,0.76,-2.00
1.85,1.57,-2.00
2.00,1.86,-2.00
2.00,1.97,-0.40
0.15,2.00,2.00
-0.72,1.77,2.00
-1.65,0.95,2.00
-2.00,-0.04,2.00
-2.00,-0.12,1.47
-1.77,0.13,0.58
-0.57,0.14,-1.48
1.25,0.47,-2.00
1.58,1.42,-2.00
2.00,1.75,-2.00
2.00,1.81,-1.77
1.05,2.00,1.61
-0.44,2.00,2.00
-1.37,1.32,2.00
-2.00,0.18,2.00
-2.00,-0.17,1.61
-1.87,0.09,0.89
-0.87,0.19,-0.99
0.98,0.34,-2.00
1.58,1.29,-2.00
2.00,1.71,-2.00
2.00,1.81,-1.85
1.05,2.00,1.57
-0.43,2.00,2.00
-1.35,1.31,2.00
-2.00,0.16,2.00
-2.00,-0.16,1.64
-1.88,0.09,0.83
-0.83,0.20,-1.08
1.09,0.39,-2.00
1.61,1.35,-2.00
2.00,1.75,-2.00
2.00,1.86,-1.40
0.67,2.00,1.91
-0.59,1.92,2.00
-1.56,1.12,2.00
-2.00,0.03,2.00
-2.00,-0.06,1.46
-1.75,0.12,0.49
-0.27,0.01,-1.97
1.50,0.60,-2.00
1.82,1.53,-2.00
2.00,1.84,-2.00
2.00,2.00,-0.19
0.02,2.00,2.00
-0.86,1.64,2.00
-1.83,0.65,2.00
-2.00,-0.19,1.81
-2.00,0.01,1.17
-1.39,0.21,-0.26
0.53,0.14,-2.00
1.57,1.08,-2.00
2.00,1.62,-2.00
2.00,1.82,-2.00
1.32,2.00,1.30
-0.41,2.00,2.00
-1.28,1.38,2.00
-2.00,0.22,2.00
-2.00,-0.20,1.62
-1.90,0.11,0.91
-0.91,0.21,-0.89
0.88,0.29,-2.00
1.58,1.24,-2.00
2.00,1.69,-2.00
2.00,1.84,-1.94
1.12,2.00,1.50
-0.45,2.00,2.00
-1.33,1.31,2.00
-2.00,0.17,2.00
-2.00,-0.21,1.61
-1.86,0.08,0.86
-0.88,0.18,-0.97
0.94,0.34,-2.00
1.55,1.29,-2.00
2.00,1.74,-2.00
2.00,1.81,-1.89
1.09,2.00,1.54
-0.44,2.00,2.00
-1.37,1.30,2.00
-2.00,0.12,2.00
-2.00,-0.13,1.61
-1.82,0.07,0.72
-0.59,0.12,-1.46
1.40,0.55,-2.00
1.77,1.47,-2.00
2.00,1.82,-2.00
2.00,1.97,-0.36
0.00,2.00,2.00
-0.90,1.61,2.00
-1.90,0.57,2.00
-2.00,-0.19,1.77
-1.98,0.03,1.10
1.61,1.20,-2.00
2.00,1.70,-2.00
2.00,1.82,-1.74
0.81,2.00,1.74
-0.55,1.96,2.00
-1.54,1.14,2.00
-2.00,0.02,2.00
-2.00,-0.09,1.45
-1.68,0.16,0.36
-0.00,0.04,-2.00
1.56,0.80,-2.00
2.00,1.55,-2.00
2.00,1.81,-2.00
1.38,2.00,1.24
-0.38,2.00,2.00
-1.40,1.30,2.00
-2.00,0.07,2.00
-2.00,-0.10,1.56
-1.78,0.15,0.50
-0.21,0.02,-2.00
1.54,0.67,-2.00
1.87,1.52,-2.00
2.00,1.83,-2.00
1.90,2.00,0.28
-0.18,2.00,2.00
-1.05,1.57,2.00
-1.93,0.48,2.00
-2.00,-0.17,1.77
-1.99,0.05,1.09
-1.22,0.23,-0.46
0.64,0.19,-2.00
1.56,1.12,-2.00
2.00,1.65,-2.00
2.00,1.81,-2.00
1.04,2.00,1.55
-0.45,2.00,2.00
-1.45,1.24,2.00
-2.00,0.05,2.00
-2.00,-0.12,1.55
-1.80,0.11,0.62
-0.41,0.07,-1.72
1.41,0.55,-2.00
1.78,1.51,-2.00
2.00,1.80,-2.00
2.00,1.99,-0.48
0.12,2.00,2.00
-0.78,1.72,2.00
-1.79,0.81,2.00
-2.00,-0.15,1.95
-2.00,-0.01,1.30
-1.50,0.17,0.06
0.18,0.03,-2.00
1.55,0.87,-2.00
2.00,1.58,-2.00
2.00,1.84,-2.00
1.44,2.00,1.17
-0.37,2.00,2.00
-1.30,1.35,2.00
-2.00,0.17,2.00
-2.00,-0.20,1.62
-1.86,0.09,0.79
-0.69,0.14,-1.39
1.33,0.48,-2.00
1.68,1.45,-2.00
2.00,1.81,-2.00
2.00,1.92,-0.87
0.32,2.00,2.00
-0.70,1.82,2.00
-1.71,0.93,2.00
-2.00,-0.09,2.00
-2.00,-0.10,1.40
-1.67,0.18,0.38
-0.23,0.00,-2.00
1.49,0.61,-2.00
1.78,1.50,-2.00
2.00,1.84,-2.00
2.00,1.97,-0.55
0.20,2.00,2.00
-0.73,1.78,2.00
-1.66,0.94,2.00
-2.00,-0.07,2.00
-2.00,-0.08,1.42
-1.71,0.17,0.47
-0.30,0.02,-1.93
1.46,0.59,-2.00
1.82,1.50,-2.00
2.00,1.83,-2.00
2.00,2.00,-0.36
0.04,2.00,2.00
-0.84,1.64,2.00
-1.83,0.70,2.00
-2.00,-0.15,1.87
-2.00,0.01,1.21
-1.41,0.22,-0.11
0.37,0.06,-2.00
1.54,0.98,-2.00
2.00,1.65,-2.00
2.00,1.83,-2.00
1.23,2.00,1.42
-0.44,2.00,2.00
-1.42,1.24,2.00
-2.00,0.05,2.00
-2.00,-0.15,1.55
-1.80,0.16,0.59
-0.37,0.05,-1.82
1.48,0.63,-2.00
1.87,1.49,-2.00
2.00,1.79,-2.00
1.86,2.00,0.47
-0.29,2.00,2.00
-1.17,1.42,2.00
-2.00,0.25,2.00
-2.00,-0.15,1.61
-1.80,0.12,0.76
-0.40,0.05,-1.79
1.50,0.59,-2.00
1.89,1.50,-2.00
2.00,1.81,-2.00
1.45,2.00,1.18
-0.43,2.00,2.00
-1.59,1.17,2.00
-2.00,-0.01,2.00
-2.00,0.05,1.34
-1.36,0.25,-0.25
0.80,0.25,-2.00
1.63,1.32,-2.00
2.00,1.72,-2.00
2.00,2.00,0.07
-0.23,2.00,2.00
-1.30,1.36,2.00
-1.82,0.13,0.67
-0.13,0.00,-2.00
1.57,0.85,-2.00
2.00,1.59,-2.00
2.00,1.80,-1.72
0.51,2.00,2.00
-0.75,1.79,2.00
-1.89,0.68,2.00
-2.00,-0.17,1.72
-2.00,0.07,0.99
-0.86,0.16,-1.12
1.30,0.43,-2.00
1.79,1.46,-2.00
2.00,1.78,-2.00
1.95,2.00,0.15
-0.24,2.00,2.00
-1.14,1.48,2.00
-2.00,0.28,2.00
-2.00,-0.18,1.66
-1.89,0.08,0.78
-0.59,0.12,-1.54
1.37,0.52,-2.00
1.82,1.49,-2.00
2.00,1.78,-2.00
2.00,1.92,-0.50
0.13,2.00,2.00
-0.73,1.80,2.00
-1.71,0.95,2.00
-2.00,-0.07,2.00
-2.00,-0.13,1.44
-1.75,0.15,0.54
-0.45,0.11,-1.65
1.33,0.49,-2.00
1.62,1.50,-2.00
2.00,1.76,-2.00
2.00,1.80,-1.54
0.91,2.00,1.73
-0.50,2.00,2.00
-1.32,1.35,2.00
-2.00,0.21,2.00
-2.00,-0.23,1.66
-2.00,0.03,1.00
-1.30,0.25,-0.30
0.27,0.05,-2.00
1.58,0.73,-2.00
1.80,1.58,-2.00
2.00,1.83,-2.00
2.00,1.81,-1.43
1.12,2.00,1.52
-0.38,2.00,2.00
-1.02,1.54,2.00
-1.76,0.70,2.00
-2.00,-0.12,2.00
-2.00,-0.15,1.49
-1.87,0.10,0.79
-1.05,0.23,-0.68
0.48,0.09,-2.00
1.58,0.82,-2.00
1.81,1.65,-2.00
2.00,1.85,-2.00
2.00,1.81,-1.26
0.92,2.00,1.68
-0.46,2.00,2.00
-1.14,1.49,2.00
-1.88,0.47,2.00
-2.00,-0.22,1.84
-2.00,-0.10,1.41
-1.80,0.14,0.60
-0.73,0.20,-1.24
0.85,0.28,-2.00
1.54,1.05,-2.00
1.92,1.67,-2.00
2.00,1.89,-2.00
2.00,1.87,-1.01
0.87,2.00,1.74
-0.48,2.00,2.00
-1.11,1.48,2.00
-1.82,0.61,2.00
-2.00,-0.15,1.90
-2.00,-0.15,1.45
-1.83,0.10,0.73
-0.91,0.21,-0.92
0.63,0.19,-2.00
1.54,0.95,-2.00
1.84,1.61,-2.00
2.00,1.84,-2.00
2.00,1.86,-0.94
0.68,2.00,1.91
-0.51,2.00,2.00
-1.31,1.36,2.00
-2.00,0.27,2.00
-2.00,-0.21,1.70
-1.99,-0.01,1.15
-1.50,0.18,0.11
-0.07,0.01,-2.00
1.48,0.61,-2.00
1.75,1.54,-2.00
2.00,1.82,-2.00
2.00,1.80,-1.39
0.88,2.00,1.73
-0.51,2.00,2.00
-1.34,1.32,2.00
-2.00,0.26,2.00
-2.00,-0.23,1.63
-1.95,0.02,1.01
-1.28,0.22,-0.40
0.43,0.05,-2.00
1.54,0.90,-2.00
1.97,1.61,-2.00
2.00,1.83,-2.00
1.99,2.00,0.04
-0.05,2.00,2.00
-0.84,1.70,2.00
-1.77,0.83,2.00
-2.00,-0.12,1.97
-2.00,-0.07,1.45
-1.75,0.17,0.45
-0.31,0.08,-1.83
1.43,0.57,-2.00
1.66,1.48,-2.00
2.00,1.76,-2.00
2.00,1.80,-1.67
1.04,2.00,1.57
-0.43,2.00,2.00
-1.20,1.39,2.00
-2.00,0.33,2.00
-2.00,-0.20,1.71
-2.00,0.02,1.18
-1.48,0.20,0.02
0.03,0.03,-2.00
2.00,1.83,-2.00
2.00,1.93,-0.27
0.17,2.00,2.00
-0.67,1.86,2.00
-1.57,1.11,2.00
-2.00,-0.02,2.00
-2.00,-0.20,1.61
-1.94,0.09,0.89
-1.12,0.25,-0.58
0.46,0.07,-2.00
1.60,0.79,-2.00
1.85,1.61,-2.00
2.00,1.86,-2.00
2.00,1.85,-1.14
0.87,2.00,1.73
-0.46,2.00,2.00
-1.14,1.44,2.00
-1.88,0.45,2.00
-2.00,-0.22,1.88
-2.00,-0.14,1.40
-1.85,0.11,0.66
-0.86,0.18,-1.06
0.74,0.25,-2.00
1.60,0.98,-2.00
1.89,1.64,-2.00
2.00,1.92,-2.00
2.00,1.85,-1.18
0.96,2.00,1.66
-0.43,2.00,2.00
-1.05,1.50,2.00
-1.83,0.62,2.00
-2.00,-0.14,1.95
-2.00,-0.14,1.49
-1.84,0.08,0.74
-0.89,0.21,-0.94
0.72,0.23,-2.00
1.59,1.00,-2.00
1.91,1.63,-2.00
2.00,1.89,-2.00
2.00,1.86,-0.87
0.68,2.00,1.85
-0.51,2.00,2.00
-1.25,1.37,2.00
-1.96,0.34,2.00
-2.00,-0.23,1.75
-2.00,-0.06,1.28
-1.68,0.19,0.42
-0.41,0.10,-1.69
1.27,0.46,-2.00
1.60,1.35,-2.00
2.00,1.67,-2.00
2.00,1.84,-2.00
1.99,2.00,0.08
0.14,2.00,2.00
-0.65,1.85,2.00
-1.45,1.20,2.00
-2.00,0.11,2.00
-2.00,-0.27,1.66
-2.00,0.04,1.14
-1.49,0.18,0.07
-0.11,0.06,-2.00
1.41,0.58,-2.00
1.57,1.46,-2.00
2.00,1.72,-2.00
2.00,1.87,-2.00
1.91,2.00,0.25
0.13,2.00,2.00
-0.66,1.90,2.00
-1.42,1.21,2.00
-2.00,0.18,2.00
-2.00,-0.23,1.71
-2.00,-0.02,1.27
-1.69,0.18,0.44
-0.58,0.19,-1.41
0.97,0.33,-2.00
1.57,1.13,-2.00
1.96,1.66,-2.00
2.00,1.86,-2.00
2.00,1.87,-0.78
0.70,2.00,1.91
-0.51,2.00,2.00
-1.17,1.43,2.00
-1.90,0.48,2.00
-2.00,-0.19,1.88
-2.00,-0.16,1.44
-1.86,0.09,0.71
-0.97,0.24,-0.81
0.54,0.14,-2.00
1.64,0.79,-2.00
1.77,1.60,-2.00
2.00,1.80,-2.00
2.00,1.81,-1.94
1.64,2.00,0.81
-0.09,2.00,2.00
-0.70,1.81,2.00
-1.43,1.20,2.00
-2.00,0.16,2.00
-2.00,-0.26,1.71
-2.00,-0.09,1.41
-1.85,0.10,0.67
-1.00,0.23,-0.78
0.34,0.12,-2.00
1.56,0.65,-2.00
1.57,1.54,-2.00
2.00,1.76,-2.00
2.00,1.89,-2.00
2.00,1.84,-0.79
0.95,2.00,1.67
-0.39,2.00,2.00
-0.90,1.61,2.00
-1.55,1.02,2.00
-2.00,0.08,2.00
-2.00,-0.26,1.66
-2.00,-0.04,1.30
-1.77,0.17,0.59
-0.90,0.24,-0.87
0.41,0.07,-2.00
1.54,0.66,-2.00
1.60,1.57,-2.00
2.00,1.76,-2.00
2.00,1.89,-2.00
2.00,1.91,-0.55
0.78,2.00,1.80
-0.45,2.00,2.00
-0.98,1.57,2.00
-1.69,0.87,2.00
-2.00,-0.04,2.00
-2.00,-0.27,1.55
-2.00,-0.00,1.12
-1.55,0.18,0.16
-0.33,0.06,-1.83
2.00,1.85,-2.00
2.00,1.79,-1.68
1.39,2.00,1.18
-0.32,2.00,2.00
-0.92,1.63,2.00
-1.71,0.90,2.00
-2.00,-0.07,2.00
-2.00,-0.16,1.51
-1.89,0.09,0.82
-0.98,0.18,-0.83
0.67,0.19,-2.00
1.54,1.02,-2.00
2.00,1.64,-2.00
2.00,1.84,-2.00
1.85,2.00,0.34
-0.14,2.00,2.00
-0.94,1.59,2.00
-1.84,0.68,2.00
-2.00,-0.17,1.85
-2.00,0.04,1.30
-1.51,0.17,0.01
0.20,0.03,-2.00
1.60,0.82,-2.00
2.00,1.54,-2.00
2.00,1.81,-2.00
1.73,2.00,0.70
-0.32,2.00,2.00
-1.12,1.52,2.00
-2.00,0.35,2.00
-2.00,-0.21,1.68
-1.99,0.07,0.94
-0.88,0.16,-1.04
1.16,0.37,-2.00
1.66,1.40,-2.00
2.00,1.75,-2.00
2.00,1.84,-1.04
0.34,2.00,2.00
-0.73,1.81,2.00
-1.79,0.90,2.00
-2.00,-0.06,2.00
-2.00,0.00,1.27
-1.45,0.22,-0.09
0.46,0.06,-2.00
1.58,1.05,-2.00
2.00,1.63,-2.00
2.00,1.82,-2.00
1.03,2.00,1.57
-0.49,2.00,2.00
-1.52,1.25,2.00
-2.00,0.02,2.00
-2.00,-0.11,1.50
-1.76,0.18,0.49
-0.15,0.01,-2.00
1.55,0.65,-2.00
1.90,1.51,-2.00
2.00,1.82,-2.00
1.96,2.00,0.12
-0.09,2.00,2.00
-1.00,1.61,2.00
-1.88,0.61,2.00
-2.00,-0.17,1.82
-2.00,0.02,1.18
-1.31,0.25,-0.26
0.55,0.12,-2.00
1.59,1.08,-2.00
2.00,1.59,-2.00
2.00,1.78,-2.00
1.24,2.00,1.40
-0.42,2.00,2.00
-1.38,1.35,2.00
-2.00,0.12,2.00
-2.00,-0.13,1.63
-1.84,0.11,0.69
-0.42,0.09,-1.69
1.46,0.55,-2.00
1.85,1.47,-2.00
2.00,1.82,-2.00
1.92,2.00,0.23
-0.23,2.00,2.00
-1.17,1.49,2.00
-2.00,0.32,2.00
-2.00,-0.18,1.68
-1.86,0.10,0.78
-0.56,0.11,-1.57
1.43,0.57,-2.00
1.89,1.47,-2.00
2.00,1.79,-2.00
1.83,2.00,0.48
-0.30,2.00,2.00
-1.22,1.43,2.00
-2.00,0.22,2.00
-2.00,-0.16,1.60
-1.84,0.15,0.69
-0.28,0.04,-1.93
1.53,0.68,-2.00
1.94,1.49,-2.00
2.00,1.78,-2.00
1.41,2.00,1.21
-0.41,2.00,2.00
-1.54,1.23,2.00
-2.00,0.02,2.00
-2.00,-0.01,1.38
-1.45,0.21,-0.01
0.55,0.13,-2.00
1.59,1.21,-2.00
2.00,1.69,-2.00
2.00,1.90,-0.77
0.01,2.00,2.00
-1.07,1.60,2.00
-2.00,0.31,2.00
-2.00,-0.16,1.63
-1.80,0.17,0.63
0.01,0.05,-2.00
1.54,0.91,-2.00
2.00,1.60,-2.00
2.00,1.82,-1.42
0.24,2.00,2.00
-0.93,1.63,2.00
-2.00,0.38,2.00
-2.00,-0.17,1.62
-1.80,0.18,0.60
0.04,0.00,-2.00
1.58,0.99,-2.00
2.00,1.61,-2.00
2.00,1.86,-0.97
-0.00,2.00,2.00
-1.13,1.57,2.00
-2.00,0.27,2.00
-2.00,-0.10,1.57
-1.62,0.20,0.31
0.47,0.07,-2.00
2.00,1.83,-1.71
0.34,2.00,2.00
-0.85,1.68,2.00
-1.97,0.52,2.00
-2.00,-0.18,1.67
-1.83,0.11,0.67
-0.12,0.02,-2.00
1.59,0.87,-2.00
2.00,1.58,-2.00
2.00,1.81,-1.42
0.23,2.00,2.00
-0.93,1.62,2.00
-2.00,0.45,2.00
-2.00,-0.17,1.67
-1.83,0.14,0.65
-0.05,-0.01,-2.00
1.55,0.91,-2.00
2.00,1.62,-2.00
2.00,1.80,-1.59
0.44,2.00,2.00
-0.77,1.75,2.00
-1.90,0.72,2.00
-2.00,-0.13,1.76
-2.00,0.11,0.99
-0.77,0.17,-1.21
1.34,0.47,-2.00
1.80,1.45,-2.00
2.00,1.78,-2.00
1.82,2.00,0.48
-0.29,2.00,2.00
-1.25,1.42,2.00
-2.00,0.19,2.00
-2.00,-0.10,1.63
-1.80,0.16,0.66
-0.28,0.05,-1.94
1.47,0.58,-2.00
1.92,1.51,-2.00
2.00,1.83,-2.00
1.51,2.00,1.11
-0.40,2.00,2.00
-1.53,1.24,2.00
-2.00,0.05,2.00
-2.00,-0.01,1.48
-1.54,0.22,0.22
0.23,0.05,-2.00
1.51,1.02,-2.00
2.00,1.65,-2.00
2.00,1.85,-1.52
0.47,2.00,1.99
-0.78,1.73,2.00
-1.91,0.67,2.00
-2.00,-0.16,1.77
-1.98,0.12,1.06
-0.81,0.19,-1.07
1.26,0.40,-2.00
1.79,1.42,-2.00
2.00,1.80,-2.00
1.91,2.00,0.30
-0.26,2.00,2.00
-1.26,1.40,2.00
-2.00,0.19,2.00
-2.00,-0.12,1.62
-1.81,0.17,0.72
-0.31,0.06,-1.85
1.48,0.62,-2.00
1.89,1.49,-2.00
2.00,1.81,-2.00
1.70,2.00,0.80
-0.39,2.00,2.00
-1.28,1.37,2.00
-2.00,0.18,2.00
-2.00,-0.12,1.63
-1.81,0.15,0.71
-0.40,0.06,-1.77
1.44,0.57,-2.00
1.90,1.48,-2.00
2.00,1.81,-2.00
1.76,2.00,0.60
-0.35,2.00,2.00
-1.27,1.39,2.00
-2.00,0.20,2.00
-2.00,-0.11,1.62
-1.80,0.19,0.71
-0.38,0.05,-1.81
1.44,0.56,-2.00
1.85,1.49,-2.00
2.00,1.83,-2.00
1.66,2.00,0.90
-0.40,2.00,2.00
-1.45,1.26,2.00
-2.00,0.06,2.00
-2.00,-0.08,1.53
-1.71,0.21,0.46
-0.06,0.00,-2.00
1.54,0.75,-2.00
2.00,1.57,-2.00
2.00,1.81,-2.00
1.08,2.00,1.54
-0.50,2.00,2.00
-1.61,1.09,2.00
-2.00,-0.03,2.00
-2.00,0.03,1.35
-1.41,0.26,-0.04
0.53,0.12,-2.00
1.57,1.16,-2.00
2.00,1.68,-2.00
2.00,1.88,-1.09
0.21,2.00,2.00
-0.93,1.63,2.00
-1.99,0.52,2.00
-2.00,-0.20,1.69
-1.92,0.12,0.91
-0.55,0.11,-1.57
1.44,0.59,-2.00
1.98,1.52,-2.00
2.00,1.77,-2.00
1.29,2.00,1.34
-0.46,2.00,2.00
-1.61,1.10,2.00
-2.00,-0.04,2.00
-2.00,0.06,1.31
-1.27,0.28,-0.33
0.79,0.23,-2.00
1.64,1.35,-2.00
2.00,1.73,-2.00
2.00,2.00,-0.25
-0.14,2.00,2.00
-1.19,1.48,2.00
-2.00,0.23,2.00
-2.00,-0.10,1.63
1.43,0.55,-2.00
1.97,1.51,-2.00
2.00,1.80,-2.00
1.29,2.00,1.35
-0.45,2.00,2.00
-1.58,1.15,2.00
-2.00,-0.03,2.00
-2.00,0.04,1.33
-1.35,0.25,-0.29
0.76,0.22,-2.00
1.65,1.28,-2.00
2.00,1.73,-2.00
2.00,1.95,-0.50
-0.07,2.00,2.00
-1.09,1.57,2.00
-2.00,0.37,2.00
-2.00,-0.22,1.65
-1.92,0.13,0.88
-0.61,0.13,-1.48
1.39,0.52,-2.00
1.85,1.47,-2.00
2.00,1.76,-2.00
1.81,2.00,0.45
-0.26,2.00,2.00
-1.23,1.41,2.00
-2.00,0.20,2.00
-2.00,-0.17,1.65
-1.85,0.15,0.77
-0.52,0.11,-1.60
1.39,0.50,-2.00
1.83,1.49,-2.00
2.00,1.83,-2.00
1.93,2.00,0.24
-0.18,2.00,2.00
-1.16,1.50,2.00
-2.00,0.29,2.00
-2.00,-0.17,1.66
-1.90,0.12,0.84
-0.64,0.14,-1.42
1.38,0.50,-2.00
1.85,1.48,-2.00
2.00,1.80,-2.00
1.85,2.00,0.36
-0.27,2.00,2.00
-1.22,1.43,2.00
-2.00,0.17,2.00
-2.00,-0.11,1.64
-1.81,0.13,0.67
-0.25,-0.01,-2.00
1.56,0.65,-2.00
2.00,1.54,-2.00
2.00,1.81,-2.00
1.25,2.00,1.42
-0.49,2.00,2.00
-1.56,1.23,2.00
-2.00,0.01,2.00
-2.00,-0.05,1.44
-1.56,0.21,0.18
0.26,0.06,-2.00
1.54,0.97,-2.00
2.00,1.61,-2.00
2.00,1.81,-1.99
0.88,2.00,1.71
-0.52,2.00,2.00
-1.53,1.14,2.00
-2.00,-0.04,2.00
-2.00,-0.08,1.49
-1.74,0.20,0.43
-0.12,-0.01,-2.00
1.56,0.66,-2.00
1.91,1.53,-2.00
2.00,1.83,-2.00
2.00,2.00,0.01
-0.05,2.00,2.00
-0.96,1.61,2.00
-1.84,0.68,2.00
-2.00,-0.19,1.87
-2.00,0.05,1.35
-1.52,0.23,0.16
0.08,0.01,-2.00
1.58,0.66,-2.00
1.88,1.53,-2.00
2.00,1.84,-2.00
2.00,2.00,-0.01
-0.01,2.00,2.00
-0.90,1.62,2.00
-1.79,0.79,2.00
-2.00,-0.15,1.91
-2.00,0.00,1.40
-1.61,0.20,0.31
-0.13,-0.02,-2.00
1.52,0.61,-2.00
1.86,1.55,-2.00
2.00,1.85,-2.00
2.00,1.95,-0.37
0.12,2.00,2.00
-0.80,1.74,2.00
-1.75,0.90,2.00
-2.00,-0.13,1.96
-2.00,-0.03,1.43
-1.71,0.15,0.45
-0.22,0.02,-2.00
1.51,0.57,-2.00
1.81,1.53,-2.00
2.00,1.86,-2.00
2.00,1.88,-0.85
0.46,2.00,2.00
-0.63,1.88,2.00
-1.51,1.14,2.00
-2.00,0.02,2.00
-2.00,-0.18,1.55
-1.89,0.11,0.86
-0.93,0.19,-0.90
0.84,0.26,-2.00
1.60,1.17,-2.00
2.00,1.68,-2.00
2.00,1.88,-2.00
1.78,2.00,0.62
-0.19,2.00,2.00
-0.96,1.58,2.00
-1.76,0.78,2.00
-2.00,-0.07,1.96
-2.00,-0.06,1.53
-1.84,0.15,0.70
-0.74,0.15,-1.23
1.01,0.29,-2.00
1.58,1.23,-2.00
2.00,1.71,-2.00
2.00,1.90,-2.00
1.82,2.00,0.54
-1.94,0.44,2.00
-2.00,-0.16,1.79
-2.00,0.04,1.30
-1.55,0.20,0.22
-0.07,-0.01,-2.00
1.48,0.59,-2.00
1.76,1.55,-2.00
2.00,1.85,-2.00
2.00,1.89,-0.76
0.36,2.00,2.00
-0.67,1.80,2.00
-1.61,1.05,2.00
-2.00,-0.03,2.00
-2.00,-0.11,1.55
-1.82,0.11,0.70
-0.72,0.19,-1.25
1.12,0.33,-2.00
1.57,1.32,-2.00
2.00,1.72,-2.00
2.00,1.86,-2.00
1.49,2.00,1.08
-0.34,2.00,2.00
-1.08,1.52,2.00
-1.86,0.58,2.00
-2.00,-0.16,1.85
-2.00,-0.01,1.35
-1.68,0.20,0.37
-0.26,0.01,-1.96
1.43,0.53,-2.00
1.72,1.53,-2.00
2.00,1.81,-2.00
2.00,1.80,-1.56
1.02,2.00,1.62
-0.45,2.00,2.00
-1.22,1.40,2.00
-1.97,0.35,2.00
-2.00,-0.18,1.75
-2.00,0.06,1.22
-1.56,0.20,0.12
-0.03,-0.02,-2.00
1.53,0.62,-2.00
1.81,1.56,-2.00
2.00,1.88,-2.00
2.00,1.97,-0.51
0.15,2.00,2.00
-0.76,1.72,2.00
-1.77,0.88,2.00
-2.00,-0.10,1.95
-2.00,-0.00,1.35
-1.59,0.19,0.18
0.06,-0.01,-2.00
1.55,0.82,-2.00
2.00,1.56,-2.00
2.00,1.86,-2.00
1.60,2.00,0.99
-0.37,2.00,2.00
-1.31,1.39,2.00
-2.00,0.13,2.00
-2.00,-0.13,1.59
-1.84,0.17,0.69
-0.27,0.03,-2.00
1.52,0.64,-2.00
2.00,1.51,-2.00
2.00,1.80,-2.00
1.20,2.00,1.44
-0.45,2.00,2.00
-1.62,1.10,2.00
-2.00,-0.03,2.00
-2.00,0.04,1.31
-1.23,0.22,-0.52
1.05,0.30,-2.00
1.74,1.40,-2.00
2.00,1.74,-2.00
1.77,2.00,0.58
-0.31,2.00,2.00
-1.43,1.35,2.00
-2.00,0.07,2.00
-2.00,-0.07,1.52
-1.56,0.22,0.11
0.47,0.09,-2.00
1.57,1.15,-2.00
2.00,1.65,-2.00
2.00,1.84,-1.29
0.34,2.00,2.00
-0.80,1.74,2.00
-1.88,0.79,2.00
-2.00,-0.14,1.81
-2.00,0.05,1.15
-1.22,0.20,-0.54
0.78,0.20,-2.00
1.60,1.31,-2.00
2.00,1.75,-2.00
2.00,1.87,-1.16
0.28,2.00,2.00
-0.77,1.72,2.00
-1.86,0.79,2.00
-2.00,-0.15,1.79
-2.00,0.06,1.14
-1.02,0.21,-0.80
1.09,0.30,-2.00
1.68,1.44,-2.00
2.00,1.76,-2.00
2.00,1.95,-0.33
-0.07,2.00,2.00
-1.04,1.57,2.00
-2.00,0.46,2.00
-2.00,-0.16,1.71
-1.93,0.11,0.89
-0.68,0.15,-1.40
1.36,0.50,-2.00
1.83,1.47,-2.00
2.00,1.77,-2.00
1.69,2.00,0.79
-0.36,2.00,2.00
-1.45,1.28,2.00
-2.00,0.07,2.00
-2.00,-0.04,1.52
-1.58,0.23,0.25
0.32,0.04,-2.00
1.54,1.01,-2.00
2.00,1.66,-2.00
2.00,1.84,-1.31
0.30,2.00,2.00
-0.84,1.68,2.00
-1.96,0.57,2.00
-2.00,-0.16,1.73
-1.89,0.14,0.90
-0.47,0.08,-1.69
1.51,0.59,-2.00
2.00,1.48,-2.00
2.00,1.76,-2.00
-1.51,1.23,2.00
-2.00,0.01,2.00
-2.00,0.05,1.39
-1.37,0.28,-0.24
0.82,0.19,-2.00
1.62,1.31,-2.00
2.00,1.73,-2.00
2.00,1.99,-0.26
-0.12,2.00,2.00
-1.14,1.52,2.00
-2.00,0.28,2.00
-2.00,-0.13,1.65
-1.85,0.17,0.67
-0.22,0.05,-2.00
1.56,0.68,-2.00
2.00,1.51,-2.00
2.00,1.80,-2.00
1.35,2.00,1.27
-0.41,2.00,2.00
-1.47,1.32,2.00
-2.00,0.02,2.00
-2.00,-0.14,1.56
-1.82,0.19,0.64
-0.32,0.08,-1.79
1.45,0.58,-2.00
1.81,1.48,-2.00
2.00,1.75,-2.00
2.00,2.00,-0.24
0.02,2.00,2.00
-0.92,1.65,2.00
-1.90,0.64,2.00
-2.00,-0.22,1.81
-2.00,0.05,1.24
-1.41,0.28,-0.07
0.39,0.08,-2.00
1.53,0.89,-2.00
2.00,1.54,-2.00
2.00,1.80,-2.00
1.61,2.00,0.95
-0.30,2.00,2.00
-1.21,1.47,2.00
-2.00,0.32,2.00
-2.00,-0.24,1.69
-1.97,0.09,1.02
-1.07,0.31,-0.61
0.72,0.20,-2.00
1.56,1.09,-2.00
2.00,1.63,-2.00
2.00,1.81,-2.00
1.64,2.00,0.87
-0.25,2.00,2.00
-1.04,1.53,2.00
-1.93,0.49,2.00
-2.00,-0.16,1.86
-2.00,0.01,1.26
-1.51,0.28,0.13
0.06,0.06,-2.00
1.51,0.62,-2.00
1.74,1.53,-2.00
2.00,1.81,-2.00
2.00,1.90,-1.11
0.76,2.00,1.88
-0.52,2.00,2.00
-1.40,1.29,2.00
-2.00,0.20,2.00
-2.00,-0.25,1.67
-2.00,0.08,1.15
-1.46,0.27,-0.04
0.11,0.03,-2.00
1.52,0.62,-2.00
1.80,1.56,-2.00
2.00,1.81,-2.00
2.00,1.84,-1.16
0.79,2.00,1.83
-0.52,2.00,2.00
-1.39,1.29,2.00
-2.00,0.17,2.00
-2.00,-0.22,1.67
-2.00,0.08,1.12
-1.38,0.28,-0.21
0.28,0.06,-2.00
1.55,0.75,-2.00
1.88,1.55,-2.00
2.00,1.84,-2.00
2.00,1.98,-0.35
0.14,2.00,2.00
-0.72,1.74,2.00
-1.73,0.91,2.00
-2.00,-0.05,2.00
-2.00,-0.04,1.51
-1.76,0.21,0.55
-0.28,0.07,-1.89
1.41,0.49,-2.00
1.75,1.50,-2.00
2.00,1.79,-2.00
2.00,1.88,-0.79
0.27,2.00,2.00
-0.68,1.80,2.00
-1.71,0.98,2.00
-2.00,-0.01,2.00
-2.00,-0.07,1.45
-1.76,0.21,0.49
-0.25,0.02,-1.93
1.46,0.55,-2.00
1.82,1.55,-2.00
2.00,1.82,-2.00
2.00,1.91,-0.79
0.39,2.00,2.00
-0.64,1.87,2.00
-1.59,1.13,2.00
-2.00,-0.02,2.00
-2.00,-0.17,1.54
-1.87,0.14,0.77
-0.68,0.17,-1.31
1.21,0.35,-2.00
1.57,1.39,-2.00
2.00,1.76,-2.00
2.00,1.84,-1.44
0.77,2.00,1.87
-0.55,1.96,2.00
-1.58,1.15,2.00
-2.00,0.02,2.00
-2.00,-0.14,1.52
-1.78,0.16,0.55
-0.27,0.05,-1.95
1.47,0.57,-2.00
1.82,1.54,-2.00
2.00,1.80,-2.00
1.98,2.00,0.14
-0.14,2.00,2.00
-1.11,1.52,2.00
-2.00,0.08,0.98
-0.89,0.24,-0.98
1.21,0.36,-2.00
1.62,1.43,-2.00
2.00,1.75,-2.00
2.00,1.91,-0.66
0.09,2.00,2.00
-0.86,1.65,2.00
-1.92,0.67,2.00
-2.00,-0.14,1.82
-1.98,0.06,1.15
-1.14,0.28,-0.52
0.79,0.21,-2.00
1.53,1.23,-2.00
2.00,1.71,-2.00
2.00,1.80,-1.58
0.73,2.00,1.87
-0.60,1.93,2.00
-1.66,1.09,2.00
-2.00,0.01,2.00
-2.00,-0.12,1.47
-1.75,0.22,0.58
-0.28,0.08,-1.86
1.41,0.52,-2.00
1.71,1.48,-2.00
2.00,1.79,-2.00
2.00,1.85,-0.96
0.52,2.00,2.00
-0.61,1.96,2.00
-1.54,1.16,2.00
-2.00,-0.03,2.00
-2.00,-0.21,1.61
-1.87,0.14,0.84
-0.83,0.23,-1.06
1.01,0.29,-2.00
1.55,1.23,-2.00
2.00,1.65,-2.00
2.00,1.83,-2.00
1.60,2.00,0.98
-0.26,2.00,2.00
-1.05,1.54,2.00
-1.94,0.53,2.00
-2.00,-0.22,1.79
-2.00,-0.00,1.33
-1.58,0.22,0.30
-0.12,0.06,-2.00
1.46,0.56,-2.00
1.75,1.50,-2.00
2.00,1.80,-2.00
2.00,1.90,-1.27
0.85,2.00,1.83
-0.50,2.00,2.00
-1.41,1.30,2.00
-2.00,0.12,2.00
-2.00,-0.23,1.65
-1.96,0.11,0.96
-1.01,0.23,-0.80
0.86,0.27,-2.00
1.57,1.25,-2.00
2.00,1.68,-2.00
2.00,1.77,-1.84
1.07,2.00,1.60
-0.46,2.00,2.00
-1.44,1.32,2.00
-2.00,0.08,2.00
-2.00,-0.18,1.56
-1.85,0.13,0.76
-0.55,0.15,-1.52
1.35,0.46,-2.00
1.75,1.49,-2.00
2.00,1.77,-2.00
2.00,1.90,-0.46
0.09,2.00,2.00
-0.92,1.64,2.00
-1.93,0.60,2.00
-2.00,-0.20,1.78
-2.00,0.07,1.11
-1.06,0.28,-0.65
0.91,0.27,-2.00
1.59,1.31,-2.00
2.00,1.70,-2.00
2.00,1.84,-1.30
0.54,2.00,2.00
-0.63,1.84,2.00
-1.75,0.95,2.00
-2.00,-0.10,2.00
-2.00,-0.00,1.36
-1.51,0.24,0.08
0.41,0.04,-2.00
1.52,0.98,-2.00
2.00,1.61,-2.00
2.00,1.78,-2.00
0.99,2.00,1.64
-0.49,2.00,2.00
-1.51,1.23,2.00
-2.00,0.01,2.00
-2.00,-0.09,1.56
-1.79,0.23,0.55
-0.22,0.00,-2.00
1.52,0.59,-2.00
1.86,1.54,-2.00
2.00,1.81,-2.00
2.00,1.97,-0.22
0.03,2.00,2.00
-0.86,1.67,2.00
-1.85,0.82,2.00
-2.00,-0.14,1.97
-2.00,-0.02,1.38
-1.65,0.23,0.34
-0.08,0.03,-2.00
1.54,0.60,-2.00
1.81,1.56,-2.00
2.00,1.80,-2.00
2.00,1.87,-0.67
0.32,2.00,2.00
-0.65,1.82,2.00
-1.65,1.05,2.00
-2.00,-0.03,2.00
-2.00,-0.15,1.54
-1.83,0.16,0.65
-0.51,0.17,-1.53
1.33,0.42,-2.00
1.68,1.48,-2.00
2.00,1.76,-2.00
2.00,1.84,-1.13
0.49,2.00,2.00
-0.67,1.83,2.00
-1.69,0.98,2.00
-2.00,-0.03,2.00
-2.00,-0.04,1.44
1.57,0.71,-2.00
2.00,1.56,-2.00
2.00,1.81,-2.00
1.69,2.00,0.75
-0.32,2.00,2.00
-1.22,1.45,2.00
-2.00,0.28,2.00
-2.00,-0.27,1.63
-1.94,0.10,0.95
-0.91,0.29,-0.85
0.99,0.32,-2.00
1.61,1.35,-2.00
2.00,1.71,-2.00
2.00,1.80,-1.62
0.82,2.00,1.82
-0.55,2.00,2.00
-1.54,1.18,2.00
-2.00,-0.02,2.00
-2.00,-0.13,1.59
-1.83,0.18,0.69
-0.47,0.16,-1.54
1.35,0.45,-2.00
1.74,1.47,-2.00
2.00,1.79,-2.00
2.00,1.89,-0.72
0.20,2.00,2.00
-0.75,1.75,2.00
-1.83,0.85,2.00
-2.00,-0.14,1.96
-2.00,-0.00,1.36
-1.57,0.25,0.21
0.15,0.04,-2.00
1.58,0.74,-2.00
2.00,1.53,-2.00
2.00,1.80,-2.00
1.82,2.00,0.52
-0.20,2.00,2.00
-1.08,1.55,2.00
-2.00,0.45,2.00
-2.00,-0.22,1.77
-2.00,0.08,1.16
-1.28,0.30,-0.34
0.59,0.10,-2.00
1.57,0.99,-2.00
2.00,1.63,-2.00
2.00,1.80,-2.00
1.46,2.00,1.16
-0.33,2.00,2.00
-1.25,1.42,2.00
-2.00,0.29,2.00
-2.00,-0.20,1.68
-2.00,0.10,0.97
-1.01,0.23,-0.76
0.87,0.22,-2.00
1.61,1.25,-2.00
2.00,1.71,-2.00
2.00,1.79,-1.72
0.85,2.00,1.82
-0.59,1.95,2.00
-1.58,1.13,2.00
-2.00,0.03,2.00
-2.00,-0.07,1.49
-1.72,0.24,0.50
-0.12,-0.01,-2.00
1.52,0.64,-2.00
1.98,1.56,-2.00
2.00,1.82,-2.00
1.71,2.00,0.78
-0.35,2.00,2.00
-1.26,1.40,2.00
-2.00,0.24,2.00
-2.00,-0.18,1.66
-1.93,0.13,0.88
-0.73,0.18,-1.28
1.33,0.42,-2.00
1.71,1.46,-2.00
2.00,1.78,-2.00
2.00,1.91,-0.62
0.12,2.00,2.00
-0.87,1.65,2.00
-1.88,0.65,2.00
-2.00,-0.11,1.93
-2.00,0.08,1.21
-1.24,0.29,-0.39
0.73,0.16,-2.00
1.59,1.19,-2.00
2.00,1.69,-2.00
2.00,1.80,-1.62
0.71,2.00,1.94
-0.61,1.92,2.00
-1.70,1.00,2.00
-2.00,-0.06,2.00
-2.00,0.11,1.61
-1.55,0.20,0.13
0.29,0.06,-2.00
1.57,0.94,-2.00
2.00,1.57,-2.00
2.00,1.76,-2.00
1.00,2.00,1.62
-0.52,1.99,2.00
-1.56,1.12,2.00
-2.00,-0.02,2.00
-2.00,-0.04,1.52
-1.64,0.28,0.45
0.08,0.00,-2.00
1.55,0.80,-2.00
2.00,1.56,-2.00
2.00,1.78,-2.00
1.22,2.00,1.42
-0.45,2.00,2.00
-1.47,1.21,2.00
-2.00,0.05,2.00
-2.00,0.00,1.79
-1.74,0.23,0.51
-0.11,0.05,-2.00
1.62,0.67,-2.00
2.00,1.51,-2.00
2.00,1.78,-2.00
1.75,2.00,0.68
-0.30,2.00,2.00
-1.15,1.44,2.00
-2.00,0.31,2.00
-2.00,-0.17,1.73
-2.00,0.16,1.18
-1.12,0.26,-0.51
0.67,0.16,-2.00
1.58,1.08,-2.00
2.00,1.63,-2.00
2.00,1.86,-2.00
1.56,2.00,1.00
-0.35,2.00,2.00
-2.00,-0.21,1.68
-1.97,0.11,1.02
-1.09,0.26,-0.63
0.76,0.19,-2.00
1.61,1.14,-2.00
2.00,1.66,-2.00
2.00,1.83,-2.00
1.31,2.00,1.30
-0.41,2.00,2.00
-1.31,1.36,2.00
-2.00,0.21,2.00
-2.00,-0.13,1.81
-1.95,0.12,0.88
-0.92,0.21,-0.92
1.01,0.30,-2.00
1.62,1.26,-2.00
2.00,1.75,-2.00
2.00,1.83,-2.00
1.30,2.00,1.31
-0.38,2.00,2.00
-1.21,1.37,2.00
-2.00,0.32,2.00
-2.00,-0.22,1.73
-2.00,0.06,1.21
-1.43,0.28,-0.04
0.18,0.06,-2.00
1.57,0.68,-2.00
1.79,1.55,-2.00
2.00,1.87,-2.00
2.00,1.87,-0.82
0.49,2.00,2.00
-0.64,1.90,2.00
-1.47,1.16,2.00
-2.00,0.07,2.00
-2.00,-0.21,1.67
-1.98,0.09,1.03
-1.23,0.29,-0.37
0.41,0.07,-2.00
1.57,0.77,-2.00
1.85,1.59,-2.00
2.00,1.85,-2.00
2.00,1.86,-1.05
0.76,2.00,1.88
-0.53,2.00,2.00
-1.39,1.28,2.00
-2.00,0.19,2.00
-2.00,-0.22,1.68
-2.00,0.07,1.15
-1.42,0.30,-0.08
0.19,0.04,-2.00
1.56,0.68,-2.00
1.85,1.55,-2.00
2.00,1.81,-2.00
2.00,1.92,-0.45
0.25,2.00,2.00
-0.69,1.80,2.00
-1.69,0.93,2.00
-2.00,-0.07,2.00
-2.00,-0.12,1.53
-1.83,0.25,0.75
-0.44,0.15,-1.60
1.36,0.45,-2.00
1.72,1.45,-2.00
2.00,1.78,-2.00
2.00,1.82,-1.23
0.60,2.00,2.00
-0.64,1.90,2.00
-1.62,1.03,2.00
-2.00,-0.03,2.00
-2.00,-0.05,1.49
-1.69,0.27,0.47
-0.05,0.03,-2.00
1.60,0.70,-2.00
2.00,1.56,-2.00
2.00,1.78,-2.00
1.56,2.00,1.02
-0.40,2.00,2.00
-1.38,1.30,2.00
-2.00,0.10,2.00
-2.00,-0.12,1.62
-1.83,0.19,0.69
-0.24,0.05,-1.91
1.51,0.62,-2.00
1.93,1.51,-2.00
2.00,1.80,-2.00
1.74,2.00,0.72
-0.32,2.00,2.00
-1.23,1.42,2.00
-2.00,0.23,2.00
-2.00,-0.19,1.69
-1.89,0.17,0.90
-0.76,0.18,-1.23
1.27,0.41,-2.00
1.69,1.45,-2.00
2.00,1.81,-2.00
2.00,1.89,-0.79
0.17,2.00,2.00
-0.81,1.68,2.00
-1.88,0.75,2.00
-2.00,-0.12,1.94
-2.00,0.05,1.26
-1.40,0.28,-0.12
0.54,0.11,-2.00
1.56,1.03,-2.00
2.00,1.66,-2.00
2.00,1.78,-1.96
0.98,2.00,1.71
-0.52,2.00,2.00
-1.56,1.14,2.00
-2.00,0.02,2.00
-2.00,-0.06,1.69
-1.84,0.19,0.64
-0.33,0.10,-1.70
1.47,0.55,-2.00
1.86,1.48,-2.00
2.00,1.79,-2.00
2.00,1.90,-0.51
0.14,2.00,2.00
-0.81,1.70,2.00
-1.82,0.80,2.00
-2.00,-0.15,1.91
-2.00,0.06,1.50
-1.57,0.22,0.25
0.08,0.04,-2.00
1.60,0.69,-2.00
1.99,1.57,-2.00
2.00,1.76,-2.00
2.00,1.97,-0.10
0.02,2.00,2.00
-0.81,1.69,2.00
-1.73,0.77,2.00
-1.62,0.23,0.29
-0.02,0.05,-2.00
1.61,0.62,-2.00
1.87,1.53,-2.00
2.00,1.83,-2.00
2.00,1.90,-0.72
0.32,2.00,2.00
-0.66,1.88,2.00
-1.59,1.09,2.00
-2.00,-0.01,2.00
-2.00,-0.17,1.59
-1.86,0.16,0.80
-0.79,0.22,-1.12
1.11,0.35,-2.00
1.63,1.29,-2.00
2.00,1.72,-2.00
2.00,1.77,-2.00
1.21,2.00,1.40
-0.38,2.00,2.00
-1.26,1.40,2.00
-2.00,0.24,2.00
-2.00,-0.25,1.69
-2.00,0.09,1.07
-1.11,0.31,-0.55
0.72,0.18,-2.00
1.61,1.17,-2.00
2.00,1.66,-2.00
2.00,1.81,-2.00
1.28,2.00,1.36
-0.41,2.00,2.00
-1.32,1.37,2.00
-2.00,0.20,2.00
-2.00,-0.19,1.68
-2.00,0.18,1.06
-1.03,0.30,-0.66
0.75,0.18,-2.00
1.59,1.13,-2.00
2.00,1.67,-2.00
2.00,1.84,-2.00
1.44,2.00,1.17
-0.37,2.00,2.00
-1.28,1.40,2.00
-2.00,0.25,2.00
-2.00,-0.21,1.66
-1.97,0.16,1.01
-0.91,0.25,-0.89
1.01,0.30,-2.00
1.58,1.33,-2.00
2.00,1.73,-2.00
2.00,1.81,-1.40
0.64,2.00,1.94
-0.65,1.89,2.00
-1.62,1.09,2.00
-2.00,-0.02,2.00
-2.00,-0.09,1.52
-1.77,0.25,0.61
-0.27,0.08,-1.86
1.40,0.52,-2.00
1.80,1.51,-2.00
2.00,1.83,-2.00
2.00,1.91,-0.54
0.13,2.00,2.00
-0.78,1.71,2.00
-1.83,0.82,2.00
-2.00,-0.16,1.94
-2.00,-0.03,1.38
-1.65,0.23,0.27
-0.05,0.01,-2.00
1.58,0.65,-2.00
1.88,1.58,-2.00
2.00,1.83,-2.00
2.00,1.92,-0.42
0.18,2.00,2.00
-0.74,1.74,2.00
-1.73,0.96,2.00
-2.00,-0.06,2.00
-2.00,-0.10,1.51
-1.80,0.20,0.60
-0.37,0.10,-1.71
1.39,0.50,-2.00
1.76,1.54,-2.00
2.00,1.81,-2.00
2.00,1.80,-1.33
0.75,2.00,1.89
-0.52,2.00,2.00
-1.42,1.25,2.00
-2.00,0.14,2.00
-2.00,-0.20,1.75
-2.00,0.09,1.04
-1.16,0.33,-0.40
0.59,0.09,-2.00
1.56,0.98,-2.00
2.00,1.58,-2.00
2.00,1.87,-2.00
1.87,2.00,0.25
-0.06,2.00,2.00
-0.92,1.59,2.00
-1.79,0.76,2.00
-2.00,-0.13,1.95
-2.00,-0.03,1.67
-1.89,0.23,0.79
-0.55,0.12,-1.47
1.24,0.37,-2.00
1.59,1.36,-2.00
2.00,1.73,-2.00
2.00,1.85,-2.00
1.72,2.00,0.60
-0.12,2.00,2.00
-0.84,1.64,2.00
-1.69,0.93,2.00
-2.00,-0.02,2.00
-2.00,-0.14,1.63
-1.96,0.19,0.97
-0.96,0.21,-0.87
0.78,0.17,-2.00
1.58,1.11,-2.00
2.00,1.67,-2.00
2.00,1.80,-2.00
1.98,2.00,0.06
0.06,2.00,2.00
-0.75,1.72,2.00
-1.63,1.02,2.00
-2.00,0.02,2.00
-2.00,-0.14,1.69
-1.99,0.15,1.00
-1.14,0.25,-0.53
0.58,0.09,-2.00
1.56,0.93,-2.00
2.00,1.61,-2.00
2.00,1.85,-2.00
-0.83,1.63,2.00
-1.70,0.91,2.00
-2.00,-0.09,2.00
-2.00,-0.19,1.59
-2.00,0.13,0.96
-1.07,0.27,-0.64
0.60,0.10,-2.00
1.57,0.87,-2.00
1.96,1.60,-2.00
2.00,1.87,-2.00
2.00,1.87,-0.76
0.47,2.00,2.00
-0.63,1.92,2.00
-1.49,1.21,2.00
-2.00,0.06,2.00
-2.00,-0.26,1.56
-1.97,0.16,1.00
-1.02,0.26,-0.73
0.77,0.21,-2.00
1.60,1.13,-2.00
2.00,1.65,-2.00
2.00,1.80,-2.00
1.55,2.00,1.01
-0.35,2.00,2.00
-1.17,1.47,2.00
-2.00,0.36,2.00
-2.00,-0.18,1.76
-2.00,0.10,1.11
-1.16,0.30,-0.51
0.72,0.16,-2.00
1.62,1.17,-2.00
2.00,1.68,-2.00
2.00,1.80,-2.00
1.05,2.00,1.54
-0.45,2.00,2.00
-1.48,1.28,2.00
-2.00,0.05,2.00
-2.00,-0.16,1.60
-1.87,0.21,0.74
-0.39,0.13,-1.68
1.45,0.56,-2.00
1.83,1.51,-2.00
2.00,1.78,-2.00
2.00,1.94,-0.26
-0.01,2.00,2.00
-0.95,1.61,2.00
-1.90,0.62,2.00
-2.00,-0.15,1.85
-2.00,0.09,1.24
-1.34,0.29,-0.30
0.64,0.14,-2.00
1.60,1.15,-2.00
2.00,1.65,-2.00
2.00,1.78,-1.99
1.00,2.00,1.61
-0.52,2.00,2.00
-1.47,1.26,2.00
-2.00,0.08,2.00
-2.00,-0.14,1.60
-1.91,0.17,0.87
-0.70,0.17,-1.27
1.26,0.38,-2.00
1.67,1.46,-2.00
2.00,1.77,-2.00
2.00,1.78,-1.56
0.87,2.00,1.79
-0.51,2.00,2.00
-1.42,1.29,2.00
-2.00,0.17,2.00
-2.00,-0.27,1.64
-2.00,0.13,1.08
-1.15,0.27,-0.47
0.64,0.13,-2.00
1.61,1.02,-2.00
2.00,1.60,-2.00
2.00,1.79,-2.00
1.90,2.00,0.19
-0.02,2.00,2.00
-0.83,1.67,2.00
-1.73,0.90,2.00
-2.00,-0.04,2.00
-2.00,-0.14,1.57
-1.89,0.14,0.76
-0.73,0.23,-1.21
1.07,0.32,-2.00
1.59,1.26,-2.00
2.00,1.72,-2.00
2.00,1.80,-2.00
1.65,2.00,0.76
-0.23,2.00,2.00
-1.03,1.55,2.00
-1.85,0.63,2.00
-2.00,-0.16,1.98
-2.00,-0.01,1.36
-1.68,0.29,0.50
-0.12,0.02,-2.00
1.49,0.58,-2.00
1.79,1.58,-2.00
2.00,1.80,-2.00
2.00,1.81,-1.19
0.65,2.00,1.97
-0.60,1.94,2.00
-1.45,1.20,2.00
-2.00,0.09,2.00
-2.00,-0.09,1.84
-2.00,0.18,1.06
-0.97,0.29,-0.72
0.86,0.25,-2.00
1.62,1.14,-2.00
2.00,1.71,-2.00
2.00,1.77,-2.00
1.40,2.00,1.20
-0.35,2.00,2.00
-1.19,1.45,2.00
-2.00,0.26,2.00
-2.00,-0.14,1.89
-2.00,0.03,1.03
-1.19,0.30,-0.41
0.66,0.15,-2.00
1.58,1.04,-2.00
2.00,1.64,-2.00
2.00,1.82,-2.00
1.62,2.00,0.88
-0.30,2.00,2.00
-1.10,1.54,2.00
-1.93,0.46,2.00
-2.00,-0.14,1.92
-2.00,-0.02,1.26
-1.56,0.28,0.22
0.16,0.03,-2.00
2.00,1.83,-2.00
1.97,1.96,0.01
0.03,2.00,2.00
-0.77,1.65,2.00
-1.72,0.89,2.00
-2.00,-0.08,2.00
-2.00,-0.06,1.73
-1.91,0.22,0.92
-0.75,0.22,-1.15
1.03,0.32,-2.00
1.58,1.26,-2.00
2.00,1.66,-2.00
2.00,1.80,-2.00
1.73,2.00,0.68
-0.20,2.00,2.00
-0.96,1.56,2.00
-1.85,0.71,2.00
-2.00,-0.15,2.00
-2.00,-0.00,1.55
-1.80,0.26,0.61
-0.38,0.15,-1.60
1.35,0.46,-2.00
1.62,1.40,-2.00
2.00,1.76,-2.00
2.00,1.80,-2.00
1.38,2.00,1.18
-0.38,2.00,2.00
-1.13,1.49,2.00
-1.93,0.48,2.00
-2.00,-0.23,1.76
-2.00,0.05,1.30
-1.59,0.22,0.22
0.00,0.06,-2.00
1.59,0.65,-2.00
1.86,1.55,-2.00
2.00,1.79,-2.00
2.00,1.92,-0.60
0.21,2.00,2.00
-0.72,1.78,2.00
-1.72,0.94,2.00
-2.00,-0.06,2.00
-2.00,-0.11,1.48
-1.81,0.27,0.66
-0.32,0.13,-1.74
1.38,0.50,-2.00
1.73,1.49,-2.00
2.00,1.79,-2.00
2.00,1.81,-1.03
0.46,2.00,2.00
-0.63,1.89,2.00
-1.63,1.05,2.00
-2.00,-0.07,2.00
-2.00,-0.11,1.57
-1.85,0.23,0.74
-0.46,0.17,-1.53
1.38,0.50,-2.00
1.73,1.51,-2.00
2.00,1.77,-2.00
2.00,1.83,-1.07
0.48,2.00,2.00
-0.65,1.86,2.00
-1.64,1.08,2.00
-2.00,-0.03,2.00
-2.00,-0.10,1.53
-1.82,0.23,0.72
-0.46,0.19,-1.50
1.32,0.45,-2.00
1.65,1.44,-2.00
2.00,1.75,-2.00
2.00,1.78,-1.35
0.77,2.00,1.88
-0.56,2.00,2.00
-1.48,1.19,2.00
-2.00,0.04,2.00
-2.00,-0.20,1.61
-1.93,0.14,0.92
-0.90,0.28,-0.85
0.91,0.27,-2.00
1.58,1.23,-2.00
2.00,1.67,-2.00
2.00,1.80,-2.00
1.24,2.00,1.42
-0.40,2.00,2.00
-1.39,1.33,2.00
-2.00,0.14,2.00
-2.00,-0.19,1.60
-1.88,0.16,0.85
-0.66,0.22,-1.32
1.28,0.43,-2.00
1.69,1.43,-2.00
2.00,1.80,-2.00
2.00,1.93,-0.60
0.13,2.00,2.00
-0.89,1.65,2.00
-1.90,0.71,2.00
-2.00,-0.18,1.82
-2.00,0.06,1.27
-1.42,0.31,-0.06
0.47,0.08,-2.00
1.55,0.96,-2.00
2.00,1.58,-2.00
2.00,1.79,-2.00
1.33,2.00,1.29
-0.41,2.00,2.00
-1.44,1.28,2.00
-2.00,0.10,2.00
-2.00,-0.16,1.58
-1.83,0.21,0.78
-0.45,0.15,-1.58
1.37,0.52,-2.00
1.82,1.45,-2.00
2.00,1.76,-2.00
1.93,2.00,0.24
-0.16,2.00,2.00
-1.20,1.43,2.00
-2.00,0.25,2.00
-2.00,-0.20,1.65
-1.86,0.21,0.85
-0.44,0.13,-1.65
1.41,0.55,-2.00
1.87,1.50,-2.00
2.00,1.75,-2.00
1.61,2.00,0.98
-0.38,2.00,2.00
-1.51,1.25,2.00
-2.00,0.01,2.00
-2.00,-0.01,1.60
-1.62,0.28,0.38
0.20,0.03,-2.00
1.49,0.92,-2.00
2.00,1.61,-2.00
-0.48,2.00,2.00
-1.65,1.09,2.00
-2.00,-0.07,2.00
-2.00,0.04,1.42
-1.43,0.33,-0.05
0.66,0.15,-2.00
1.57,1.24,-2.00
2.00,1.66,-2.00
2.00,1.89,-0.76
0.06,2.00,2.00
-1.08,1.52,2.00
-2.00,0.30,2.00
-2.00,-0.14,1.71
-1.83,0.22,0.70
-0.06,0.09,-2.00
1.53,0.83,-2.00
2.00,1.57,-2.00
2.00,1.75,-1.74
0.51,2.00,2.00
-0.74,1.70,2.00
-1.99,0.56,2.00
-2.00,-0.22,1.75
-1.89,0.19,0.96
-0.38,0.16,-1.70
1.53,0.64,-2.00
2.00,1.53,-2.00
2.00,1.70,-2.00
0.78,2.00,1.82
-0.62,1.87,2.00
-1.89,0.80,2.00
-2.00,-0.16,1.92
-2.00,0.14,1.13
-0.79,0.28,-1.11
1.34,0.45,-2.00
1.87,1.43,-2.00
2.00,1.74,-2.00
1.54,2.00,1.07
-0.40,2.00,2.00
-1.59,1.15,2.00
-2.00,-0.06,2.00
-2.00,0.02,1.39
-1.35,0.38,-0.20
0.92,0.25,-2.00
1.71,1.34,-2.00
2.00,1.72,-2.00
1.98,2.00,0.14
-0.23,2.00,2.00
-1.37,1.29,2.00
-2.00,0.05,2.00
-2.00,-0.00,1.62
-1.52,0.36,0.18
0.77,0.18,-2.00
1.70,1.30,-2.00
2.00,1.65,-2.00
2.00,2.00,0.12
-0.25,2.00,2.00
-1.44,1.29,2.00
-2.00,0.04,2.00
-2.00,0.08,1.59
-1.34,0.33,-0.22
0.96,0.26,-2.00
1.69,1.37,-2.00
2.00,1.69,-2.00
1.78,2.00,0.57
-0.35,2.00,2.00
-1.57,1.15,2.00
-2.00,-0.03,2.00
-2.00,0.11,1.32
-1.02,0.29,-0.68
1.26,0.37,-2.00
1.88,1.43,-2.00
2.00,1.71,-2.00
1.11,2.00,1.48
-0.54,1.92,2.00
-1.87,0.83,2.00
-2.00,-0.14,1.85
-1.96,0.16,1.01
-0.43,0.09,-1.70
1.52,0.71,-2.00
2.00,1.55,-2.00
2.00,1.81,-1.47
0.16,2.00,2.00
-1.00,1.55,2.00
-2.00,0.25,2.00
-2.00,-0.09,1.71
-1.59,0.28,0.31
0.69,0.16,-2.00
1.62,1.31,-2.00
2.00,1.66,-2.00
1.65,2.00,0.80
-0.37,2.00,2.00
-1.67,1.01,2.00
-2.00,-0.09,1.94
-2.00,0.27,1.39
-0.62,0.12,-1.44
1.51,0.57,-2.00
2.00,1.56,-2.00
2.00,1.77,-1.73
0.26,2.00,2.00
-1.05,1.53,2.00
-2.00,0.25,2.00
-2.00,0.01,1.84
-1.55,0.32,0.31
0.72,0.20,-2.00
1.61,1.24,-2.00
2.00,1.69,-2.00
1.69,2.00,0.80
-0.39,2.00,2.00
-1.70,0.94,2.00
-2.00,-0.12,1.98
-2.00,0.23,1.35
-0.54,0.20,-1.45
1.51,0.61,-2.00
2.00,1.50,-2.00
2.00,1.80,-1.52
0.15,2.00,2.00
-1.11,1.48,2.00
-2.00,0.14,2.00
-2.00,0.09,1.80
-1.44,0.37,0.04
1.08,0.25,-2.00
1.90,1.31,-2.00
2.00,1.68,-2.00
0.99,2.00,1.64
-0.65,1.76,2.00
-1.98,0.57,2.00
-2.00,-0.07,1.97
-1.90,0.27,0.85
0.19,0.03,-2.00
1.60,1.07,-2.00
0.40,2.00,2.00
-0.90,1.56,2.00
-2.00,0.39,2.00
-2.00,0.00,1.94
-1.76,0.31,0.65
0.46,0.03,-2.00
1.65,1.16,-2.00
2.00,1.71,-2.00
2.00,2.00,0.02
-0.24,2.00,2.00
-1.36,1.31,2.00
-2.00,0.13,2.00
-2.00,0.10,1.74
-1.51,0.32,0.12
0.77,0.15,-2.00
1.70,1.28,-2.00
2.00,1.73,-2.00
2.00,2.00,-0.10
-0.18,2.00,2.00
-1.27,1.35,2.00
-2.00,0.13,2.00
-2.00,0.02,1.84
-1.64,0.32,0.47
0.46,0.05,-2.00
1.64,1.10,-2.00
2.00,1.69,-2.00
2.00,1.91,-0.66
-0.06,2.00,2.00
-1.17,1.43,2.00
-2.00,0.20,2.00
-2.00,-0.08,1.78
-1.77,0.27,0.55
0.33,0.03,-2.00
1.63,1.09,-2.00
2.00,1.69,-2.00
2.00,1.90,-0.77
-0.04,2.00,2.00
-1.15,1.49,2.00
-2.00,0.25,2.00
-2.00,-0.05,1.75
-1.78,0.26,0.60
0.21,0.03,-2.00
1.61,1.01,-2.00
2.00,1.67,-2.00
2.00,1.82,-1.09
0.09,2.00,2.00
-1.02,1.58,2.00
-2.00,0.35,2.00
-2.00,-0.10,1.86
-1.95,0.30,0.95
-0.09,-0.02,-2.00
1.59,0.82,-2.00
2.00,1.61,-2.00
2.00,1.74,-1.83
0.47,2.00,2.00
-0.76,1.65,2.00
-1.91,0.58,2.00
-2.00,-0.15,1.87
-2.00,0.21,1.16
-0.50,0.10,-1.62
1.53,0.56,-2.00
2.00,1.52,-2.00
2.00,1.79,-2.00
1.06,2.00,1.61
-0.52,1.93,2.00
-1.68,0.97,2.00
-2.00,-0.11,2.00
-2.00,0.18,1.54
-1.12,0.28,-0.60
1.13,0.30,-2.00
1.80,1.36,-2.00
2.00,1.71,-2.00
1.88,2.00,0.34
-0.30,2.00,2.00
-1.42,1.24,2.00
-2.00,0.04,2.00
-2.00,0.11,1.83
-1.59,0.32,0.32
0.61,0.11,-2.00
1.64,1.21,-2.00
2.00,1.78,-2.00
2.00,1.93,-0.44
-0.07,2.00,2.00
-1.16,1.39,2.00
-2.00,0.17,2.00
-2.00,0.03,1.86
-1.71,0.32,0.58
0.33,0.05,-2.00
1.61,1.05,-2.00
2.00,1.63,-2.00
2.00,1.90,-0.96
0.06,2.00,2.00
-1.06,1.48,2.00
-2.00,0.25,2.00
-2.00,-0.02,1.95
-1.87,0.31,0.80
0.16,0.05,-2.00
1.62,0.98,-2.00
2.00,1.65,-2.00
2.00,1.85,-1.03
0.04,2.00,2.00
-1.13,1.45,2.00
-2.00,0.17,2.00
-2.00,0.02,1.94
-1.65,0.30,0.45
0.62,0.10,-2.00
1.69,1.21,-2.00
2.00,1.68,-2.00
1.97,2.00,0.26
-0.29,2.00,2.00
-1.49,1.19,2.00
-2.00,0.02,2.00
-2.00,0.20,1.66
-1.20,0.28,-0.45
1.12,0.27,-2.00
1.83,1.37,-2.00
2.00,1.72,-2.00
1.79,2.00,0.60
-0.32,2.00,2.00
-1.44,1.21,2.00
-2.00,0.02,2.00
-2.00,0.10,1.77
-1.51,0.28,0.07
0.70,0.18,-2.00
1.61,1.21,-2.00
2.00,1.70,-2.00
2.00,1.92,-0.52
-0.06,2.00,2.00
-1.15,1.44,2.00
-2.00,0.21,2.00
-0.51,0.13,-1.61
1.51,0.56,-2.00
2.00,1.57,-2.00
2.00,1.72,-2.00
0.89,2.00,1.69
-0.61,1.88,2.00
-1.85,0.85,2.00
-2.00,-0.10,1.92
-2.00,0.14,1.11
-0.80,0.22,-1.16
1.38,0.50,-2.00
1.94,1.50,-2.00
2.00,1.74,-2.00
1.20,2.00,1.43
-0.48,1.96,2.00
-1.68,1.01,2.00
-2.00,-0.07,2.00
-2.00,0.08,1.32
-1.18,0.29,-0.46
1.08,0.28,-2.00
1.74,1.39,-2.00
2.00,1.72,-2.00
1.91,2.00,0.24
-0.25,2.00,2.00
-1.33,1.36,2.00
-2.00,0.09,2.00
-2.00,-0.06,1.64
-1.64,0.29,0.41
0.51,0.06,-2.00
1.65,1.15,-2.00
2.00,1.64,-2.00
2.00,1.89,-0.86
0.03,2.00,2.00
